backend,revision,trial,operation,ns_per_call,checksum
native,before,1,multiply,0.725,48554796867
native,before,1,normalize,5.960,18446744069266709658
native,before,1,length_normalize,3.325,2536399246370
native,before,1,quaternion_normalize,4.081,437820373504
native,before,1,angles,27.390,444514228080
native,before,1,validity,2.188,5000000
native,before,1,aabb_transform,11.986,1953856342823
native,before,1,aabb_center_extents,1.633,4871916026969
native,before,1,quantize_clamped,0.789,17882235306
native,before,1,time_narrow,0.584,8583834526720
native,before,1,scalar_sqrt,1.735,628420066988
native,before,1,vector_length,2.355,2540842059031
native,before,1,isqrt_u64,1.162,14309295857874443
native,before,2,multiply,0.742,48554796867
native,before,2,normalize,5.934,18446744069266709658
native,before,2,length_normalize,3.332,2536399246370
native,before,2,quaternion_normalize,4.012,437820373504
native,before,2,angles,27.357,444514228080
native,before,2,validity,2.231,5000000
native,before,2,aabb_transform,12.080,1953856342823
native,before,2,aabb_center_extents,1.628,4871916026969
native,before,2,quantize_clamped,0.778,17882235306
native,before,2,time_narrow,0.593,8583834526720
native,before,2,scalar_sqrt,1.768,628420066988
native,before,2,vector_length,2.342,2540842059031
native,before,2,isqrt_u64,1.217,14309295857874443
native,before,3,multiply,0.719,48554796867
native,before,3,normalize,6.058,18446744069266709658
native,before,3,length_normalize,3.270,2536399246370
native,before,3,quaternion_normalize,4.071,437820373504
native,before,3,angles,27.339,444514228080
native,before,3,validity,2.189,5000000
native,before,3,aabb_transform,12.110,1953856342823
native,before,3,aabb_center_extents,1.629,4871916026969
native,before,3,quantize_clamped,0.792,17882235306
native,before,3,time_narrow,0.584,8583834526720
native,before,3,scalar_sqrt,1.784,628420066988
native,before,3,vector_length,2.304,2540842059031
native,before,3,isqrt_u64,1.188,14309295857874443
native,before,4,multiply,0.735,48554796867
native,before,4,normalize,5.907,18446744069266709658
native,before,4,length_normalize,3.327,2536399246370
native,before,4,quaternion_normalize,4.084,437820373504
native,before,4,angles,27.362,444514228080
native,before,4,validity,2.191,5000000
native,before,4,aabb_transform,12.015,1953856342823
native,before,4,aabb_center_extents,1.634,4871916026969
native,before,4,quantize_clamped,0.794,17882235306
native,before,4,time_narrow,0.586,8583834526720
native,before,4,scalar_sqrt,1.726,628420066988
native,before,4,vector_length,2.341,2540842059031
native,before,4,isqrt_u64,1.202,14309295857874443
native,before,5,multiply,0.738,48554796867
native,before,5,normalize,5.987,18446744069266709658
native,before,5,length_normalize,3.325,2536399246370
native,before,5,quaternion_normalize,4.151,437820373504
native,before,5,angles,27.586,444514228080
native,before,5,validity,2.226,5000000
native,before,5,aabb_transform,12.117,1953856342823
native,before,5,aabb_center_extents,1.633,4871916026969
native,before,5,quantize_clamped,0.788,17882235306
native,before,5,time_narrow,0.582,8583834526720
native,before,5,scalar_sqrt,1.789,628420066988
native,before,5,vector_length,2.340,2540842059031
native,before,5,isqrt_u64,1.195,14309295857874443
native,after,1,multiply,0.754,48554796867
native,after,1,normalize,5.923,18446744069266709658
native,after,1,length_normalize,3.079,2536399246370
native,after,1,quaternion_normalize,3.766,437820373504
native,after,1,angles,26.901,444514228080
native,after,1,validity,2.165,5000000
native,after,1,aabb_transform,12.092,1953856342823
native,after,1,aabb_center_extents,1.629,4871916026969
native,after,1,quantize_clamped,0.786,17882235306
native,after,1,time_narrow,0.585,8583834526720
native,after,1,scalar_sqrt,1.587,628420066988
native,after,1,vector_length,2.184,2540842059031
native,after,1,isqrt_u64,1.076,14309295857874443
native,after,2,multiply,0.738,48554796867
native,after,2,normalize,5.928,18446744069266709658
native,after,2,length_normalize,3.088,2536399246370
native,after,2,quaternion_normalize,3.843,437820373504
native,after,2,angles,26.630,444514228080
native,after,2,validity,2.188,5000000
native,after,2,aabb_transform,12.123,1953856342823
native,after,2,aabb_center_extents,1.637,4871916026969
native,after,2,quantize_clamped,0.791,17882235306
native,after,2,time_narrow,0.597,8583834526720
native,after,2,scalar_sqrt,1.577,628420066988
native,after,2,vector_length,2.127,2540842059031
native,after,2,isqrt_u64,1.090,14309295857874443
native,after,3,multiply,0.738,48554796867
native,after,3,normalize,6.021,18446744069266709658
native,after,3,length_normalize,3.087,2536399246370
native,after,3,quaternion_normalize,3.836,437820373504
native,after,3,angles,26.885,444514228080
native,after,3,validity,2.190,5000000
native,after,3,aabb_transform,12.109,1953856342823
native,after,3,aabb_center_extents,1.632,4871916026969
native,after,3,quantize_clamped,0.782,17882235306
native,after,3,time_narrow,0.579,8583834526720
native,after,3,scalar_sqrt,1.576,628420066988
native,after,3,vector_length,2.053,2540842059031
native,after,3,isqrt_u64,1.062,14309295857874443
native,after,4,multiply,0.742,48554796867
native,after,4,normalize,5.887,18446744069266709658
native,after,4,length_normalize,3.110,2536399246370
native,after,4,quaternion_normalize,3.743,437820373504
native,after,4,angles,26.997,444514228080
native,after,4,validity,2.175,5000000
native,after,4,aabb_transform,12.035,1953856342823
native,after,4,aabb_center_extents,1.627,4871916026969
native,after,4,quantize_clamped,0.789,17882235306
native,after,4,time_narrow,0.565,8583834526720
native,after,4,scalar_sqrt,1.539,628420066988
native,after,4,vector_length,2.096,2540842059031
native,after,4,isqrt_u64,1.108,14309295857874443
native,after,5,multiply,0.735,48554796867
native,after,5,normalize,5.984,18446744069266709658
native,after,5,length_normalize,3.145,2536399246370
native,after,5,quaternion_normalize,3.843,437820373504
native,after,5,angles,27.147,444514228080
native,after,5,validity,2.219,5000000
native,after,5,aabb_transform,12.146,1953856342823
native,after,5,aabb_center_extents,1.637,4871916026969
native,after,5,quantize_clamped,0.795,17882235306
native,after,5,time_narrow,0.583,8583834526720
native,after,5,scalar_sqrt,1.594,628420066988
native,after,5,vector_length,2.126,2540842059031
native,after,5,isqrt_u64,1.062,14309295857874443
emulated,before,1,multiply,2.026,4868077500
emulated,before,1,normalize,14.446,18446744073264402873
emulated,before,1,length_normalize,7.732,253637031176
emulated,before,1,quaternion_normalize,9.510,43781758088
emulated,before,1,angles,62.132,44450227580
emulated,before,1,validity,5.056,500000
emulated,before,1,aabb_transform,42.948,195373193151
emulated,before,1,aabb_center_extents,1.634,487184178469
emulated,before,1,quantize_clamped,0.794,1786000599
emulated,before,1,time_narrow,0.580,857318592000
emulated,before,1,scalar_sqrt,3.676,62841614957
emulated,before,1,vector_length,6.878,254082176986
emulated,before,1,isqrt_u64,2.954,1430923047779096
emulated,before,2,multiply,1.992,4868077500
emulated,before,2,normalize,14.330,18446744073264402873
emulated,before,2,length_normalize,7.688,253637031176
emulated,before,2,quaternion_normalize,9.344,43781758088
emulated,before,2,angles,60.890,44450227580
emulated,before,2,validity,5.056,500000
emulated,before,2,aabb_transform,42.406,195373193151
emulated,before,2,aabb_center_extents,1.550,487184178469
emulated,before,2,quantize_clamped,0.746,1786000599
emulated,before,2,time_narrow,0.556,857318592000
emulated,before,2,scalar_sqrt,3.998,62841614957
emulated,before,2,vector_length,6.834,254082176986
emulated,before,2,isqrt_u64,2.934,1430923047779096
emulated,before,3,multiply,2.010,4868077500
emulated,before,3,normalize,14.668,18446744073264402873
emulated,before,3,length_normalize,7.726,253637031176
emulated,before,3,quaternion_normalize,9.088,43781758088
emulated,before,3,angles,62.554,44450227580
emulated,before,3,validity,4.912,500000
emulated,before,3,aabb_transform,42.674,195373193151
emulated,before,3,aabb_center_extents,1.624,487184178469
emulated,before,3,quantize_clamped,0.778,1786000599
emulated,before,3,time_narrow,0.580,857318592000
emulated,before,3,scalar_sqrt,3.886,62841614957
emulated,before,3,vector_length,6.564,254082176986
emulated,before,3,isqrt_u64,2.836,1430923047779096
emulated,before,4,multiply,2.032,4868077500
emulated,before,4,normalize,15.014,18446744073264402873
emulated,before,4,length_normalize,7.782,253637031176
emulated,before,4,quaternion_normalize,9.538,43781758088
emulated,before,4,angles,62.364,44450227580
emulated,before,4,validity,4.862,500000
emulated,before,4,aabb_transform,42.556,195373193151
emulated,before,4,aabb_center_extents,1.620,487184178469
emulated,before,4,quantize_clamped,0.780,1786000599
emulated,before,4,time_narrow,0.580,857318592000
emulated,before,4,scalar_sqrt,3.930,62841614957
emulated,before,4,vector_length,6.832,254082176986
emulated,before,4,isqrt_u64,2.962,1430923047779096
emulated,before,5,multiply,2.010,4868077500
emulated,before,5,normalize,14.208,18446744073264402873
emulated,before,5,length_normalize,7.652,253637031176
emulated,before,5,quaternion_normalize,9.280,43781758088
emulated,before,5,angles,61.956,44450227580
emulated,before,5,validity,5.026,500000
emulated,before,5,aabb_transform,42.332,195373193151
emulated,before,5,aabb_center_extents,1.554,487184178469
emulated,before,5,quantize_clamped,0.748,1786000599
emulated,before,5,time_narrow,0.556,857318592000
emulated,before,5,scalar_sqrt,3.866,62841614957
emulated,before,5,vector_length,6.650,254082176986
emulated,before,5,isqrt_u64,2.910,1430923047779096
emulated,after,1,multiply,2.074,4868077500
emulated,after,1,normalize,14.798,18446744073264402873
emulated,after,1,length_normalize,5.348,253637031176
emulated,after,1,quaternion_normalize,6.930,43781758088
emulated,after,1,angles,60.558,44450227580
emulated,after,1,validity,5.054,500000
emulated,after,1,aabb_transform,43.018,195373193151
emulated,after,1,aabb_center_extents,1.648,487184178469
emulated,after,1,quantize_clamped,0.774,1786000599
emulated,after,1,time_narrow,0.570,857318592000
emulated,after,1,scalar_sqrt,1.642,62841614957
emulated,after,1,vector_length,4.044,254082176986
emulated,after,1,isqrt_u64,1.094,1430923047779096
emulated,after,2,multiply,1.998,4868077500
emulated,after,2,normalize,14.550,18446744073264402873
emulated,after,2,length_normalize,5.382,253637031176
emulated,after,2,quaternion_normalize,6.970,43781758088
emulated,after,2,angles,60.236,44450227580
emulated,after,2,validity,4.980,500000
emulated,after,2,aabb_transform,41.856,195373193151
emulated,after,2,aabb_center_extents,1.620,487184178469
emulated,after,2,quantize_clamped,0.778,1786000599
emulated,after,2,time_narrow,0.582,857318592000
emulated,after,2,scalar_sqrt,1.586,62841614957
emulated,after,2,vector_length,3.986,254082176986
emulated,after,2,isqrt_u64,1.060,1430923047779096
emulated,after,3,multiply,1.998,4868077500
emulated,after,3,normalize,14.892,18446744073264402873
emulated,after,3,length_normalize,5.290,253637031176
emulated,after,3,quaternion_normalize,6.740,43781758088
emulated,after,3,angles,58.968,44450227580
emulated,after,3,validity,5.008,500000
emulated,after,3,aabb_transform,42.934,195373193151
emulated,after,3,aabb_center_extents,1.614,487184178469
emulated,after,3,quantize_clamped,0.778,1786000599
emulated,after,3,time_narrow,0.582,857318592000
emulated,after,3,scalar_sqrt,1.538,62841614957
emulated,after,3,vector_length,3.828,254082176986
emulated,after,3,isqrt_u64,1.014,1430923047779096
emulated,after,4,multiply,2.002,4868077500
emulated,after,4,normalize,14.300,18446744073264402873
emulated,after,4,length_normalize,5.124,253637031176
emulated,after,4,quaternion_normalize,6.942,43781758088
emulated,after,4,angles,58.434,44450227580
emulated,after,4,validity,5.040,500000
emulated,after,4,aabb_transform,42.762,195373193151
emulated,after,4,aabb_center_extents,1.614,487184178469
emulated,after,4,quantize_clamped,0.780,1786000599
emulated,after,4,time_narrow,0.580,857318592000
emulated,after,4,scalar_sqrt,1.602,62841614957
emulated,after,4,vector_length,3.994,254082176986
emulated,after,4,isqrt_u64,1.074,1430923047779096
emulated,after,5,multiply,1.836,4868077500
emulated,after,5,normalize,14.558,18446744073264402873
emulated,after,5,length_normalize,5.292,253637031176
emulated,after,5,quaternion_normalize,6.986,43781758088
emulated,after,5,angles,60.884,44450227580
emulated,after,5,validity,4.884,500000
emulated,after,5,aabb_transform,42.700,195373193151
emulated,after,5,aabb_center_extents,1.546,487184178469
emulated,after,5,quantize_clamped,0.788,1786000599
emulated,after,5,time_narrow,0.580,857318592000
emulated,after,5,scalar_sqrt,1.582,62841614957
emulated,after,5,vector_length,3.900,254082176986
emulated,after,5,isqrt_u64,1.064,1430923047779096
